{"stat.useItem.120":25,"stat.useItem.383":7,"stat.flyOneCm":196865,"stat.useItem.88":10,"stat.useItem.397":4,"stat.deaths":1,"stat.walkOneCm":116119,"stat.killEntity.PigZombie":7,"stat.drop":15,"stat.jump":76,"stat.playOneMinute":12986,"achievement.openInventory":14,"stat.fallOneCm":596,"stat.damageTaken":380,"stat.damageDealt":2147483635,"stat.killEntity.Enderman":5,"stat.mobKills":14,"stat.entityKilledBy.Enderman":1,"achievement.exploreAllBiomes":{"value":0,"progress":["Birch Forest Hills","Sky","ForestHills","Birch Forest","Forest"]},"stat.useItem.58":1,"stat.useItem.381":19}